,query,rel,docid
1658,Object-Oriented Programming,3,1991435895
307,Software Engineering,2,2061350602
1073,Cloud Data Management,4,2036260704
939,Grid Computing,3,2022901666
398,Network Security,1,1969953346
1571,Location-Based Services,2,2166636216
852,Web Development Technologies,4,2109350694
1802,Sensor Networks,2,2071043548
691,Operating Systems,1,2036757496
1681,Object-Oriented Programming,1,3008211842
884,Ubiquitous Computing,5,2153074717
319,Software Engineering,1,2142168034
947,Grid Computing,1,1995687100
1306,Visual Analytics,1,1836550785
1368,XML Technologies,1,1504906285
467,Distributed Systems,1,2016338530
224,Database Systems,3,1659104847
1376,Gesture Recognition,4,1980601381
839,Database Management Systems,2,1967307074
935,Grid Computing,4,3003295713
73,Computer Vision,5,2030269333
1790,Sensor Networks,3,2044195080
1619,Network Management,4,2142717373
1843,Software Testing,4,1996596150
1208,Database Management Systems,5,1994694191
259,Algorithm Design,1,2044690837
1714,Program Analysis,5,2040152339
798,Embedded Systems,4,1994115836
1301,Distributed Databases,2,2115585015
1777,Search Engine Optimization,4,1966320404
1439,Health Informatics,4,2058669377
842,E-commerce Technology,2,2047423662
685,API Design,1,2808893223
1177,Data Structures,3,1981561414
413,Parallel Computing,3,2112708371
1392,Gesture Recognition,2,2119047737
1880,Supply Chain Management Systems,2,1969911631
1862,Software Testing,1,2151584853
330,Database Systems,4,2166519306
660,Computer Architecture,1,2135018441
1602,Mobile Application Development,4,2883931463
115,Quantum Computing,3,3004528754
918,Ubiquitous Computing,1,1985418608
1137,Program Analysis,4,2470899015
1414,Graph Algorithms,4,2020302654
581,Computational Biology,2,1974165330
1355,Evolutionary Computation,5,2022849555
1748,Quantitative Analysis,1,2165195887
1327,Enterprise Resource Planning,4,2123973141
702,Wireless Communications,3,2018008632
672,Advanced Algorithms,1,2064138151
210,Cybersecurity,3,2052714158
1511,IT Governance,2,2034708052
1051,Business Intelligence,4,2142132842
1494,Information Security,1,3003330252
1023,Autonomous Systems,5,2115974339
1174,Search Engine Optimization,4,2028797498
562,Game Development,3,2089914848
169,Algorithm Design,2,1519293715
182,Big Data Analytics,3,109998294
1519,Knowledge Discovery,4,2136663836
409,Semantic Web,4,2166746503
669,Operating Systems,3,2124837944
724,Cloud Data Management,4,388536124
2007,Web Services,1,2103087994
174,Internet of Things,1,2905503927
1696,Performance Engineering,5,2001172853
953,Digital Forensics,5,1515615411
1221,Database Management Systems,4,2018649989
156,Algorithm Design,5,2898911770
861,Distributed Databases,3,2085634394
26,Information Retrieval,4,2015419638
181,Internet of Things,1,2119046642
367,Database Systems,1,2998280153
1536,Knowledge Discovery,2,2008141968
1129,Program Analysis,4,72346910
1871,Supply Chain Management Systems,4,1983652531
213,Database Systems,4,1493149182
1275,Virtualization Technology,4,2101849888
708,Wireless Communications,2,3008218011
1364,Evolutionary Computation,1,2102494690
346,Database Systems,2,2043934800
389,Network Security,2,2139733965
602,Deep Learning,2,2180877453
1520,Knowledge Discovery,4,1978760769
112,Augmented Reality,3,2133175182
341,Database Systems,3,3005366334
320,Database Systems,5,2124199440
762,High-Performance Computing,5,2065547432
1737,Program Analysis,1,2079027980
693,Digital Signal Processing,4,2128065014
1975,Visual Analytics,2,1979011152
1122,Computer Aided Engineering,3,1969548085
1512,IT Governance,2,1993802356
1095,Cloud Data Management,1,2133174463
1932,User Interface Design,3,2030356910
1730,Program Analysis,3,1975514564
1645,Object-Oriented Programming,4,1990456105
441,Computer Architecture,2,2089507843
2027,Workflow Management,4,2104910798
1426,Graph Algorithms,2,2041786457
1674,Object-Oriented Programming,1,2053983114
16,Natural Language Processing,2,3003769754
1197,Data Structures,1,2997905378
1532,Knowledge Discovery,3,2082593161
566,Game Development,1,2900735286
453,Distributed Systems,3,2169005475
958,Digital Forensics,4,2536999591
348,Database Systems,2,2115320410
2038,Workflow Management,2,3004110139
1141,Content Delivery Networks,3,2014446369
1382,Gesture Recognition,3,1568156700
983,Advanced Algorithms,4,2801158513
2042,Workflow Management,2,2126187992
422,Parallel Computing,1,2917426586
1202,Database Management Systems,5,2115162501
1764,Scientific Computing,2,2126256127
708,Business Intelligence,3,2554383465
945,Grid Computing,1,2120371313
297,Distributed Systems,1,1832857872
1142,Content Delivery Networks,3,2056518070
294,Software Engineering,4,1590667944
1575,Location-Based Services,1,1532761024
611,Ubiquitous Computing,1,1495746971
879,Ubiquitous Computing,5,2154405519
459,Distributed Systems,2,2172085742
755,Computational Finance,3,2060604855
396,Network Security,1,2032591599
787,Generative AI,2,2120738518
11,Natural Language Processing,2,1970161214
1624,Network Management,3,2115327632
351,Database Systems,2,2189498447
339,Database Systems,3,3005062405
472,Distributed Systems,1,2065164788
121,Cryptography,3,1972913305
1622,Network Management,4,2026591769
141,Virtual Reality,2,2148099808
915,Ubiquitous Computing,1,2296370947
448,Operating Systems,5,2106887953
872,Web Development Technologies,1,1807996340
540,E-commerce Technology,4,2140590715
1935,User Interface Design,1,2163253664
1351,Enterprise Resource Planning,1,1589466563
135,Virtual Reality,4,2051120938
11,Information Retrieval,4,2062270497
813,Embedded Systems,2,2149209089
1287,Visual Analytics,5,2153940791
999,Knowledge Discovery,3,1574180199
1236,Database Management Systems,2,2112215401
1367,Gesture Recognition,5,2094645604
740,Compiler Design,2,2096642015
943,Graph Algorithms,2,2169658931
1530,Knowledge Discovery,3,2033531685
1784,Sensor Networks,4,2999035259
344,Database Systems,3,2997129865
651,Computer Architecture,3,1982982574
509,Mobile Computing,1,2027074722
1595,Mobile Application Development,5,2088270832
1047,Autonomous Systems,1,2724905206
759,Computational Finance,2,1964737311
1007,API Design,4,2732233446
607,Reinforcement Learning,5,2550182557
101,Human-Computer Interaction,3,2998056315
758,High-Performance Computing,5,2338973660
1842,Software Testing,4,2125831829
1522,Knowledge Discovery,4,1992832970
1187,Sensor Networks,1,2053890848
1756,Risk Management Systems,2,2205836349
1359,Evolutionary Computation,4,2108044931
376,Computational Biology,3,2020152253
335,Database Systems,3,3000035152
1412,Graph Algorithms,4,3004020344
597,Neural Networks,1,1999183681
1917,Text Analytics,1,2144795048
712,Business Intelligence,1,1591742622
545,Game Development,5,2053692450
403,Parallel Computing,5,3005430470
803,Data Structures,2,1507902915
1689,Online Learning Environments,2,2166730218
305,Software Engineering,2,2036983256
859,Web Development Technologies,4,1986033379
80,Computer Vision,3,2146623049
1034,Location-Based Services,1,2160281081
1974,Visual Analytics,3,2073156145
70,Data Mining,2,2110673691
436,Distributed Systems,4,1541758250
2049,XML Technologies,5,2164688050
381,Network Security,4,3001034520
359,Game Development,3,2051504023
48,Data Mining,1,1493647235
551,Game Development,5,2100002265
1818,Software Quality Assurance,5,3003636380
745,Compiler Design,2,2133078048
1126,Content Delivery Networks,5,2141594129
2056,XML Technologies,3,1988774321
1666,Object-Oriented Programming,2,2083433145
304,Software Engineering,2,2126430355
1030,Autonomous Systems,4,2014791394
232,Bioinformatics,2,2041971688
802,Embedded Systems,3,2145930857
175,Internet of Things,1,2155908598
937,Grid Computing,3,2019447492
612,Reinforcement Learning,3,3003931103
417,Data Structures,1,1843718812
5,Natural Language Processing,3,1984708705
587,Neural Networks,5,2005374071
1082,Cloud Data Management,3,2122695644
1110,Computational Finance,4,2965483509
431,Semantic Web,1,1514949230
224,Robotics,2,2140557073
616,Reinforcement Learning,2,2117629901
753,Compiler Design,1,2030934436
1332,Enterprise Resource Planning,3,2113222723
650,Computer Architecture,3,2165771766
571,Computational Biology,5,2771169143
343,Database Systems,3,2169486917
666,Operating Systems,4,1992246527
597,Ubiquitous Computing,2,1515685044
1678,Object-Oriented Programming,1,2010977939
64,Data Mining,3,3004786405
643,Computer Architecture,3,2106188359
813,Data Structures,1,2044931094
234,Bioinformatics,2,1971676632
313,Mobile Computing,3,2020721196
968,Digital Forensics,1,2799386263
855,Web Development Technologies,4,3003749699
1009,API Design,4,3005169261
1231,System Integration,5,1966045096
863,Web Development Technologies,2,2123418328
906,Ubiquitous Computing,2,1582026409
185,Cloud Computing,3,2053554902
1427,Graph Algorithms,2,3005926783
578,Computational Biology,3,2100563036
980,E-learning Technologies,1,2398229499
287,Software Engineering,4,2064945516
557,Game Development,4,2006420029
142,Robotics,5,2487788210
510,High-Performance Computing,1,2148143541
1226,Statistical Learning,1,1555563476
621,Grid Computing,4,1527303636
1716,Program Analysis,5,1529785310
2058,XML Technologies,3,1764674968
601,Ubiquitous Computing,2,1941240858
23,Information Retrieval,5,1994559819
1529,Knowledge Discovery,3,2078946160
484,Mobile Computing,4,2140274017
1407,Graph Algorithms,5,1597528919
421,Parallel Computing,1,2165156793
1471,Information Security,3,2157298821
982,IT Governance,3,2146489173
592,Neural Networks,3,2964212410
1684,Online Learning Environments,5,1927291718
1003,API Design,5,1989480206
97,Human-Computer Interaction,3,2170857744
996,Advanced Algorithms,1,2093083775
1793,Sensor Networks,3,2136399700
232,Database Systems,2,2176363081
962,Digital Forensics,3,2998448935
1345,Enterprise Resource Planning,2,2017393268
1598,Mobile Application Development,4,2135964798
1905,Text Analytics,5,2013723863
965,Digital Forensics,2,2942027462
302,Software Engineering,2,2169090130
2000,Web Services,2,2171104838
1934,User Interface Design,2,1995553331
372,Game Development,1,1539180249
825,Database Management Systems,4,2163231231
1739,Program Analysis,1,2493901872
1017,API Design,1,2269907743
1097,Object-Oriented Programming,2,1503889120
474,Mobile Computing,5,2116436884
192,Software Engineering,3,2141871659
819,Database Management Systems,5,1548186255
689,Autonomous Systems,5,2966798053
505,Mobile Computing,2,2104237724
88,Human-Computer Interaction,5,2112741432
1236,System Integration,4,1986451894
508,High-Performance Computing,1,2154683801
36,Semantic Web,2,1995496265
986,Advanced Algorithms,4,1602339818
1198,Data Structures,1,2154554979
1358,XML Technologies,5,2143447098
774,Content Delivery Networks,4,2288290758
420,Parallel Computing,1,2052259854
255,Algorithm Design,2,2157845424
1488,Information Security,2,1988456457
1309,Distributed Databases,1,2014104232
783,High-Performance Computing,1,2086036443
688,Autonomous Systems,5,2973189390
754,Compiler Design,1,2161862224
544,E-commerce Technology,3,2162836270
2064,XML Technologies,2,2073114375
340,Database Systems,3,2168976073
236,Bioinformatics,2,2130466489
1001,Knowledge Discovery,3,1524142117
1816,Software Quality Assurance,5,2026431993
1330,Web Services,1,2011562771
1175,Data Structures,4,2038230692
90,Cryptography,1,151792660
1324,Enterprise Resource Planning,4,1963773136
1199,Software Quality Assurance,1,2961895829
1654,Object-Oriented Programming,3,2997647753
37,Machine Learning,2,1996802155
1528,Knowledge Discovery,3,2999359785
216,Robotics,5,3008439419
1330,Enterprise Resource Planning,4,2005109948
1180,Data Structures,2,1490341282
1285,Visual Analytics,5,2097481508
531,Computer Graphics,3,2996911842
1117,Performance Engineering,3,2039237691
995,Advanced Algorithms,1,3005153256
1588,Machine Intelligence,4,2999975673
309,Software Engineering,2,4214443
322,Mobile Computing,2,2026880785
250,Algorithm Design,3,1869546201
949,Graph Algorithms,1,2045221772
628,Semantic Web,2,2516239182
455,Distributed Systems,2,1992479210
1722,Program Analysis,4,2003398205
15,Information Retrieval,3,1980036597
1044,Autonomous Systems,1,2883145010
645,Computer Architecture,3,2154790323
1325,Enterprise Resource Planning,4,2164366532
1408,Graph Algorithms,5,1504291959
1356,XML Technologies,5,2052680101
105,Augmented Reality,5,145587688
742,Compiler Design,2,2129924160
1292,Distributed Databases,3,1969721085
933,Grid Computing,4,3005349006
492,Mobile Computing,3,2025337985
121,Internet of Things,4,2037759417
131,Cloud Computing,5,2154797012
251,Algorithm Design,3,2075208090
1878,Supply Chain Management Systems,3,3005094736
742,Cloud Data Management,2,2560112808
1769,Scientific Computing,2,2112550993
1695,Online Learning Environments,1,2032200265
1232,Database Management Systems,2,2998721851
49,Artificial Intelligence,3,2917767525
655,Digital Forensics,2,1595964914
1112,Computational Finance,4,1970797868
1043,Autonomous Systems,1,2883145010
327,Database Systems,4,2126500482
1274,Distributed Databases,5,2887443683
648,Computer Architecture,3,2119156857
361,Game Development,2,2020763218
288,Software Engineering,4,2133933998
1983,Visual Analytics,1,1980362203
41,Data Mining,4,2159387069
1006,API Design,4,2087226776
502,High-Performance Computing,3,2412744095
1864,Statistical Learning,5,2149298154
481,Mobile Computing,5,2115223984
1085,Cloud Data Management,2,2057995409
933,Graph Algorithms,3,1480319318
435,Distributed Systems,4,2108026089
470,Distributed Systems,1,1987339920
586,Neural Networks,5,1798945469
34,Information Retrieval,3,2095368471
1416,Graph Algorithms,4,2135496605
1171,Search Engine Optimization,5,2112569317
1084,Cloud Data Management,3,2078965963
815,Embedded Systems,2,2103128566
728,Cloud Data Management,4,1989135185
1394,Gesture Recognition,2,1974622383
1387,Gesture Recognition,2,2162264926
1625,Network Management,3,2033048515
1872,Supply Chain Management Systems,4,2998754525
707,Business Intelligence,3,2528668861
1857,Software Testing,2,2105896632
1454,Information Security,5,2145819439
1280,Virtualization Technology,1,2074522595
382,Network Security,4,2144338762
611,Reinforcement Learning,3,1845972764
978,IT Governance,4,2158122566
1083,Object-Oriented Programming,4,1537618227
748,Compiler Design,2,2051292397
750,Complex Systems,3,2158316863
1562,Location-Based Services,3,1689932539
627,Semantic Web,2,1546306355
390,Network Security,2,1976716770
105,Human-Computer Interaction,2,2016540947
1329,Enterprise Resource Planning,4,2074697770
466,Wireless Communications,4,2100316242
1389,Gesture Recognition,2,2142310655
1139,Content Delivery Networks,3,1981807304
292,Software Engineering,4,2998140150
1278,Virtualization Technology,3,2882991030
817,Embedded Systems,2,1979486932
1114,Computational Finance,3,2999866509
1922,User Interface Design,4,1982849079
426,Semantic Web,1,1597431254
1275,Distributed Databases,5,2023195086
1347,Workflow Management,2,2145935793
622,Semantic Web,3,2139621016
357,Database Systems,1,2101346494
2063,XML Technologies,2,1990814325
411,Semantic Web,3,2100341807
386,Network Security,2,2132537021
1194,Data Structures,1,2140908857
2015,Workflow Management,5,2095628649
1368,Gesture Recognition,5,2120331170
1628,Network Management,3,3006488596
1089,Object-Oriented Programming,3,2095219277
1045,Mobile Application Development,5,1660873450
388,Deep Learning,1,2914019150
498,Mobile Computing,2,2041318031
993,Advanced Algorithms,1,2885816077
1418,Graph Algorithms,4,2009695707
41,Information Retrieval,2,2134557008
1057,Business Intelligence,2,2340139852
988,IT Governance,1,2060065100
1490,Information Security,2,2081657462
43,Information Retrieval,2,2072642151
305,Mobile Computing,4,1485678580
291,Distributed Systems,2,2088135026
1931,User Interface Design,3,2145125216
1964,Visual Analytics,4,2037133710
1438,Health Informatics,4,2000877753
700,Wireless Communications,4,1906224694
1456,Information Security,5,2024643361
638,Semantic Web,1,3004324217
1673,Object-Oriented Programming,1,1999862073
971,Digital Forensics,1,2110760901
850,Web Development Technologies,5,2047402336
182,Cloud Computing,5,2337969425
1182,Data Structures,2,3004522514
54,Computer Vision,2,2009086487
68,Data Mining,3,2118228485
927,Grid Computing,5,2158013263
1682,Online Learning Environments,5,2115420689
1179,Sensor Networks,4,1975964775
1128,Content Delivery Networks,5,2149707865
1467,Information Security,4,2088949480
1584,Machine Intelligence,5,2038489116
58,Data Mining,5,2153028052
1685,Online Learning Environments,5,2154540357
556,Game Development,4,2001147745
821,Embedded Systems,1,2114445889
1502,IT Governance,4,2083130569
1548,Location-Based Services,5,2019776461
1516,Knowledge Discovery,5,2174555378
1160,Content Delivery Networks,1,2092851923
875,Distributed Databases,1,2017666672
841,E-commerce Technology,3,2112445920
1006,Knowledge Discovery,2,1753402186
757,Computational Finance,2,2145923049
1310,Distributed Databases,1,2996965242
1305,Distributed Databases,2,2098534118
1506,IT Governance,3,23938314
879,Distributed Databases,1,2427525016
1481,Information Security,2,1993848086
1486,Information Security,2,3005865663
1045,Autonomous Systems,1,1971739774
1294,Distributed Databases,3,2111809002
440,Distributed Systems,4,2042851811
644,Computer Architecture,3,2012999152
1029,Autonomous Systems,4,2214916780
772,High-Performance Computing,3,2133422563
476,Mobile Computing,5,2295717447
325,Database Systems,4,2085601491
2016,Workflow Management,5,2078962046
1745,Quantitative Analysis,4,2012554344
304,Mobile Computing,5,1485678580
4,Natural Language Processing,4,2099671082
635,Semantic Web,1,2104713579
1951,Virtualization Technology,2,2138608325
377,Distributed Databases,4,2037214271
555,Web Development Technologies,4,2533555125
1005,API Design,5,1996882280
297,Software Engineering,3,1692158061
416,Parallel Computing,2,1843718812
303,Software Engineering,2,2104577574
764,High-Performance Computing,5,3004163403
1298,Visual Analytics,4,1512665638
275,Big Data Analytics,2,2768534111
1667,Object-Oriented Programming,2,2002295687
523,Computer Graphics,4,2030241707
1293,Distributed Databases,3,2066598530
1312,Distributed Databases,1,3004358809
789,Data Structures,5,1546693390
1574,Location-Based Services,1,2070580791
1564,Location-Based Services,3,1906171242
281,Big Data Analytics,1,2606568264
457,Distributed Systems,2,2138247393
1849,Software Testing,3,2077938752
1795,Sensor Networks,3,2099641228
345,Database Systems,3,2044701300
972,Digital Forensics,1,2890279224
1223,Statistical Learning,3,1896827355
18,Natural Language Processing,2,2997522743
789,Embedded Systems,5,2027377876
657,Digital Forensics,1,2102901736
1064,Cloud Data Management,5,2110969836
462,Operating Systems,1,2006816934
187,Big Data Analytics,1,2784123366
401,Parallel Computing,5,2997983633
1057,Mobile Application Development,3,2089872472
206,Cybersecurity,4,2563010877
1068,Database Management Systems,2,1516134969
1510,IT Governance,3,2048367269
1346,Enterprise Resource Planning,2,2104637359
1279,Distributed Databases,5,2033223918
1219,Distributed Databases,4,2169379483
212,Cybersecurity,1,2103078027
681,Operating Systems,2,1968522329
1885,System Dynamics,3,2111657470
676,Operating Systems,2,2083272082
404,Semantic Web,4,1952533158
1077,Cloud Data Management,4,3003862718
1014,API Design,1,2069527335
410,Parallel Computing,3,2086825382
1072,Network Management,2,1572261084
653,Computer Architecture,2,2410170793
795,Embedded Systems,4,2129516068
2006,Web Services,1,1978376483
755,Compiler Design,1,2141677259
1103,Object-Oriented Programming,1,2508302307
158,Augmented Reality,2,2142682167
690,Operating Systems,1,2261344624
370,Database Systems,1,2100587833
830,Database Management Systems,4,1810256132
1960,Visual Analytics,5,2999453632
1201,Data Structures,1,2041315700
1873,Supply Chain Management Systems,4,1991699372
1947,Virtualization Technology,4,2334508133
778,High-Performance Computing,2,2156165081
1124,Content Delivery Networks,5,2093375622
1703,Program Analysis,5,2003295303
1573,Location-Based Services,2,2080575891
928,Graph Algorithms,4,1567397627
1207,Database Management Systems,5,1973322711
512,Mobile Computing,1,2032467855
1482,Information Security,2,2000891179
1318,Web Services,3,2032399648
2018,Workflow Management,5,2031846435
1196,Data Structures,1,1972955159
1638,Network Management,1,2087266659
269,Parallel Computing,3,10141861
1579,Location-Based Services,1,2019021124
429,Semantic Web,1,1855869293
1393,Gesture Recognition,2,2120701504
1285,Distributed Databases,4,2104759957
444,Computer Architecture,1,2004185476
890,Ubiquitous Computing,4,2084453634
1153,Content Delivery Networks,1,3006464855
306,Software Engineering,2,2165043113
1876,Supply Chain Management Systems,3,2896983297
943,Grid Computing,2,1981840935
117,Quantum Computing,2,2011585646
1679,Object-Oriented Programming,1,1968331212
126,Cryptography,1,1490394993
1349,Workflow Management,2,1974752004
1611,Mobile Application Development,1,2947613762
1484,Information Security,2,2069700160
1341,Enterprise Resource Planning,2,3003989615
151,Bioinformatics,3,1497209257
979,IT Governance,4,1989546971
1496,Information Security,1,2072564252
1344,Workflow Management,4,2027860831
780,High-Performance Computing,2,2117134475
82,Computer Vision,2,2986445670
1962,Visual Analytics,4,2063989480
1169,Scientific Computing,1,2981468349
529,Computer Graphics,3,2997712422
168,Algorithm Design,2,2138497439
1544,Location-Based Services,5,2998956236
1270,Distributed Databases,5,3003846636
1284,Visual Analytics,5,2141115795
1561,Location-Based Services,3,2609031099
449,Distributed Systems,3,2155859954
826,Embedded Systems,1,2139613807
1485,Information Security,2,2091494072
1761,Scientific Computing,3,2003167710
1523,Knowledge Discovery,4,2095952922
1926,User Interface Design,4,2075016831
812,Embedded Systems,2,2124778357
878,Green Computing,1,2113752381
945,Graph Algorithms,2,1969678589
1747,Quantitative Analysis,2,2096192494
2066,XML Technologies,1,2014295945
1560,Location-Based Services,3,1972665999
171,Internet of Things,2,1937875679
1435,Health Informatics,5,2121784101
1563,Location-Based Services,3,1504045574
760,High-Performance Computing,5,2070963260
892,Ubiquitous Computing,4,1981066103
1912,Text Analytics,3,2999359281
1705,Program Analysis,5,2014764321
1866,Statistical Learning,2,2107295961
769,High-Performance Computing,3,2159310387
705,Business Intelligence,3,2516918440
1001,Advanced Algorithms,1,2099087967
985,Advanced Algorithms,4,1981833382
499,Mobile Computing,2,2085094300
1613,Mobile Application Development,1,2950422009
1954,Virtualization Technology,1,2089194229
937,Graph Algorithms,3,2064529725
190,Edge Computing,4,2809740924
799,Embedded Systems,4,1981737703
1718,Program Analysis,4,2134875273
29,Information Retrieval,4,2046134527
1465,Information Security,4,2007996913
1659,Object-Oriented Programming,3,2119857670
1081,Cloud Data Management,3,2087434975
1276,Distributed Databases,5,2999124923
1125,Content Delivery Networks,5,2997808910
1361,XML Technologies,4,1993000052
1374,Gesture Recognition,4,2780179792
644,Computational Chemistry,5,2071551353
45,Information Retrieval,1,1987936485
1363,Evolutionary Computation,2,2160186708
1081,Object-Oriented Programming,5,2098794871
1856,Software Testing,2,1880675778
1498,IT Governance,4,2036912108
1375,Gesture Recognition,4,2006347227
671,Operating Systems,3,2124362232
1231,Database Management Systems,2,2028511104
277,Distributed Systems,5,2131053137
486,Mobile Computing,4,2141044623
1475,Information Security,3,2104619000
626,Grid Computing,3,2171063018
544,Game Development,5,2128465582
2051,XML Technologies,4,2076224402
267,Big Data Analytics,4,2505786633
606,Deep Learning,1,2584722588
572,Computational Biology,5,2117625122
1809,Sensor Networks,1,2169854556
1336,Enterprise Resource Planning,3,2084152593
1237,Database Management Systems,1,12586210
788,Embedded Systems,5,2857002357
27,Information Retrieval,1,2068632118
701,Business Intelligence,5,2004707691
63,Data Mining,3,2117769694
695,Digital Signal Processing,3,2109573698
1281,Distributed Databases,4,2148352762
172,Algorithm Design,1,2124208656
652,Computer Architecture,2,2109072691
637,Grid Computing,1,2146660676
1019,API Design,1,2980990204
985,IT Governance,2,2068046153
1353,Enterprise Resource Planning,1,2162505149
984,Advanced Algorithms,4,2010380803
113,Augmented Reality,2,2056219499
1157,Risk Management Systems,2,2165014051
1680,Object-Oriented Programming,1,2022373880
52,Computer Vision,3,1997568160
2023,Workflow Management,4,2038953226
953,Health Informatics,5,2437797956
774,High-Performance Computing,3,2997024469
1107,Computational Finance,4,1511144579
814,Embedded Systems,2,2032297914
1993,Web Services,4,2105479013
1669,Object-Oriented Programming,2,2997723471
565,Game Development,1,2143023149
95,Human-Computer Interaction,4,1551405263
711,Business Intelligence,1,2228481026
994,Advanced Algorithms,1,2093083775
934,Graph Algorithms,3,2739409954
1980,Visual Analytics,2,2092900780
173,Internet of Things,1,1935270628
844,E-commerce Technology,2,2157773089
365,Database Systems,1,2126884704
9,Natural Language Processing,4,3003381251
1024,Autonomous Systems,5,2999949926
1734,Program Analysis,2,2112962899
803,Embedded Systems,3,2146352293
989,Advanced Algorithms,3,2139587756
515,Computer Graphics,5,2996879375
205,Cybersecurity,4,2158894011
187,Cloud Computing,1,2019672983
496,Mobile Computing,3,1984618215
541,Computer Graphics,2,2065971650
1521,Knowledge Discovery,4,2997333261
1242,Database Management Systems,1,2065241227
632,Grid Computing,2,2072886595
1203,Database Management Systems,5,2120052337
1110,Online Learning Environments,2,2891942262
884,Enterprise Resource Planning,2,1481223100
1615,Network Management,5,2150093579
1865,Statistical Learning,3,2135498906
1783,Sensor Networks,4,2053089950
1647,Object-Oriented Programming,4,2107515271
2014,Workflow Management,5,2044536393
1887,System Dynamics,2,2150086489
214,Database Systems,4,1984288101
362,Database Systems,1,2094320135
487,Mobile Computing,4,2060189343
1732,Program Analysis,3,1977541831
1882,Supply Chain Management Systems,2,2053658073
907,Ubiquitous Computing,2,1969674365
2069,XML Technologies,1,2151131448
2061,XML Technologies,3,2134220710
1430,Graph Algorithms,1,2114715970
100,Human-Computer Interaction,3,2060850044
1251,Text Analytics,3,2803549048
847,E-commerce Technology,1,2060553764
1626,Network Management,3,2963241379
59,Data Mining,5,2028317382
2043,Workflow Management,1,2140440653
1391,Gesture Recognition,2,2123182584
800,Data Structures,3,2111446139
1713,Program Analysis,5,2146528052
1349,Enterprise Resource Planning,1,2065143793
133,Virtual Reality,5,2294011098
1020,Location-Based Services,4,2056773559
1070,Cloud Data Management,5,2120113879
481,Compiler Design,3,1744486668
1710,Program Analysis,5,2134633067
1093,Cloud Data Management,1,2073786307
1299,Distributed Databases,2,3003285672
649,Computer Architecture,3,2045489820
838,E-commerce Technology,5,1970306167
20,Natural Language Processing,1,2098750402
1127,Content Delivery Networks,5,2075511564
353,Game Development,4,2027312037
317,Software Engineering,1,2105246013
473,Distributed Systems,1,2131929623
56,Computer Vision,1,2010016312
1687,Online Learning Environments,3,2162970209
736,Compiler Design,3,1991570511
35,Information Retrieval,3,1995496265
1446,Health Informatics,2,2015070205
790,Embedded Systems,5,2120562931
1033,Autonomous Systems,3,2080507667
465,Digital Signal Processing,3,1885706698
243,Algorithm Design,5,2797204974
1950,Virtualization Technology,3,2022948306
1263,Discrete Mathematics,1,2094594266
361,Database Systems,1,2074095926
615,Reinforcement Learning,2,2145339207
1176,Data Structures,4,2078755699
1994,Web Services,4,1990431387
379,Network Security,4,1968909445
170,Internet of Things,3,2945730492
2004,Web Services,2,2160943260
1199,Data Structures,1,2504609973
926,Grid Computing,5,2037476089
1048,Business Intelligence,5,2003584736
1159,Content Delivery Networks,1,1520759045
178,Internet of Things,1,2037395587
75,Human-Computer Interaction,1,238919717
1744,Quantitative Analysis,4,2112594421
1086,Cloud Data Management,2,2752034591
1164,Scientific Computing,2,1984840642
430,Semantic Web,1,1595923458
2013,Workflow Management,5,2999660919
702,Business Intelligence,5,2167608769
1042,Machine Intelligence,2,2166400110
1304,Distributed Databases,2,2997611764
405,Web Services,3,1952533158
1032,Location-Based Services,1,2159320012
1812,Sensor Networks,1,1733162348
1022,Location-Based Services,3,182697965
1948,Virtualization Technology,4,2140902124
206,Software Engineering,1,2145805842
773,Content Delivery Networks,4,2145492996
1018,API Design,1,2965143859
776,Content Delivery Networks,3,2115030737
384,Network Security,3,2030014066
412,Semantic Web,3,1479764148
1325,Web Services,2,2160375412
1569,Location-Based Services,2,2080124030
425,Parallel Computing,1,2027440172
1834,Software Quality Assurance,1,2068341588
1779,Sensor Networks,5,1848594422
274,Big Data Analytics,2,2399806216
1623,Network Management,3,1997748289
1016,API Design,1,2401310007
574,Green Computing,1,2765343297
347,Database Systems,2,2996774900
1250,Text Analytics,3,2148893894
278,Distributed Systems,5,2341428273
1437,Health Informatics,4,2129523281
1050,Business Intelligence,5,1965102537
727,Compiler Design,4,3007181776
1015,API Design,1,1998342376
409,Parallel Computing,4,2153777299
621,Semantic Web,4,2101491706
144,Robotics,3,2115579991
898,Ubiquitous Computing,3,2511346379
1065,Cloud Data Management,5,2894446939
1028,Location-Based Services,2,1985943329
1599,Mobile Application Development,4,2023636027
579,Ubiquitous Computing,5,2018294601
885,Ubiquitous Computing,5,2997080072
848,Web Development Technologies,5,2133285598
1425,Graph Algorithms,2,2523378841
1657,Object-Oriented Programming,3,2065452689
1137,Content Delivery Networks,4,2141301189
1976,Visual Analytics,2,2071949039
1097,Cloud Data Management,1,2180737804
1508,IT Governance,3,1994380029
1933,User Interface Design,2,2021551615
392,Reinforcement Learning,4,2749604329
1909,Text Analytics,4,2132068911
146,Virtual Reality,1,2072639055
966,Digital Forensics,2,2059951390
341,Computer Graphics,1,2102476922
1452,Information Security,5,2999305325
1091,Cloud Data Management,2,1991986748
393,Network Security,1,2149776446
1087,Cloud Data Management,2,1998282059
750,Compiler Design,1,2157828735
902,Ubiquitous Computing,3,2149454076
1621,Network Management,4,2123548135
1067,Cloud Data Management,5,1516134969
1337,Enterprise Resource Planning,3,2021501732
516,Embedded Systems,4,2012170825
162,Augmented Reality,1,2139541242
246,Algorithm Design,4,2011995167
355,Game Development,4,2963242953
1800,Sensor Networks,2,2125271712
722,Cloud Data Management,4,2126274497
1851,Software Testing,3,2153344230
1736,Program Analysis,2,2035892768
25,Information Retrieval,5,2169953141
779,Scientific Computing,4,2156165081
1256,Discrete Mathematics,2,2161972193
1142,Program Analysis,3,1481843134
950,Computational Chemistry,5,2046229956
1589,Machine Intelligence,3,1963610264
13,Natural Language Processing,2,2997031942
691,Autonomous Systems,4,1988837728
1290,Visual Analytics,4,2071124968
1846,Software Testing,4,2996972717
1420,Graph Algorithms,4,2998982355
823,Embedded Systems,1,1989261992
688,Operating Systems,1,2031771926
1883,Supply Chain Management Systems,1,2943850763
1592,Mobile Application Development,5,2093886508
149,Augmented Reality,5,2149003305
920,Ubiquitous Computing,1,2114477274
358,Distributed Databases,5,2101346494
1844,Software Testing,4,1678960070
2003,Web Services,2,2137616448
1388,Gesture Recognition,2,2147780311
1220,Statistical Learning,5,2111296615
17,Natural Language Processing,2,2096175520
1028,Autonomous Systems,4,2220500481
244,Algorithm Design,4,2168118255
1765,Scientific Computing,2,2127927798
96,Virtual Reality,4,2104439084
1282,Distributed Databases,4,2005099092
1992,Web Services,4,2090326451
2002,Web Services,2,3004666376
942,Grid Computing,2,2037935247
568,Game Development,1,2019924812
659,Computer Architecture,1,1994174872
220,Robotics,3,2294898062
1381,Gesture Recognition,3,2022171669
321,Database Systems,5,1496528554
1031,Autonomous Systems,4,2106600328
1040,Machine Intelligence,4,2792026792
931,Graph Algorithms,4,1606026804
1111,Online Learning Environments,2,2787728848
1218,Database Management Systems,4,2169379483
1986,Web Services,5,2012024302
604,Deep Learning,1,2582187633
179,Internet of Things,1,2111619626
463,Distributed Systems,2,2070300501
1002,Advanced Algorithms,1,1981230699
1785,Sensor Networks,4,2149690282
524,Computer Graphics,4,1494985239
1746,Quantitative Analysis,3,2132162500
1794,Sensor Networks,3,2166196498
1583,Location-Based Services,1,1995486103
608,Reinforcement Learning,4,2083143894
1303,Distributed Databases,2,2405628490
431,Distributed Systems,5,2117826841
637,Semantic Web,1,1966302589
961,Information Security,5,2117634019
1788,Sensor Networks,3,1993804511
833,Database Management Systems,3,2175812749
894,Ubiquitous Computing,4,2150990214
1140,Program Analysis,3,1671718115
1090,Cloud Data Management,2,2032928189
1352,Enterprise Resource Planning,1,1969874695
1778,Search Engine Optimization,1,2067842160
731,Compiler Design,3,2140480361
710,Business Intelligence,1,2344333429
165,Internet of Things,5,2062978452
634,Grid Computing,2,2167164511
1988,Web Services,5,2032179790
465,Distributed Systems,1,2134890934
871,Web Development Technologies,1,1927880169
677,Operating Systems,2,2199253235
1423,Graph Algorithms,3,2252979829
328,Database Systems,4,2068874033
445,Distributed Systems,4,2049838008
102,Human-Computer Interaction,2,2032254851
345,Computer Graphics,1,2810307462
1294,Visual Analytics,4,2788844524
151,Augmented Reality,4,1970370179
46,Data Mining,2,2070808135
1701,Performance Engineering,1,1996815721
1886,System Dynamics,3,1980021164
1509,IT Governance,3,2165021942
360,Game Development,2,120151848
625,Grid Computing,3,2027865026
276,Parallel Computing,1,2018352428
792,Embedded Systems,5,1992928460
1419,Graph Algorithms,4,1992869351
479,Compiler Design,3,1970780837
301,Software Engineering,2,1975051432
1941,User Interface Design,1,2042270930
758,Computational Finance,2,1527692262
1479,Information Security,2,1988071189
997,Advanced Algorithms,1,3005153256
1751,Risk Management Systems,5,2113413672
1424,Graph Algorithms,3,1972595474
556,Web Development Technologies,4,1964252813
323,Mobile Computing,1,2124351345
1733,Program Analysis,3,2056289513
1353,Workflow Management,1,2085754710
415,Parallel Computing,2,2065309575
369,Distributed Databases,4,2998280153
1952,Virtualization Technology,1,1976520898
1038,Machine Intelligence,5,2101493843
1216,Database Management Systems,4,3003912348
1553,Location-Based Services,4,2031475000
990,Advanced Algorithms,2,2086208228
846,E-commerce Technology,1,3005197022
1898,System Integration,2,2032360190
363,Database Systems,1,2172104706
1447,Health Informatics,1,2774474258
355,Database Systems,2,3002223898
295,Distributed Systems,2,2048014508
15,Natural Language Processing,2,2089967673
976,E-learning Technologies,4,2143403090
194,Edge Computing,2,2108669353
291,Software Engineering,4,1995969037
2030,Workflow Management,4,2117495487
757,High-Performance Computing,5,2049890071
981,E-learning Technologies,1,2053369376
289,Software Engineering,4,3000710102
921,Ubiquitous Computing,1,2147201525
935,Graph Algorithms,3,1591488944
160,Augmented Reality,1,2999344241
354,Database Systems,2,2043213682
720,Compiler Design,5,2126815079
2065,XML Technologies,2,2040988073
1977,Visual Analytics,2,2044135788
613,Reinforcement Learning,3,2626804490
161,Augmented Reality,1,2045379806
132,Virtual Reality,5,2127033666
583,Computational Biology,1,2123406596
253,Algorithm Design,2,1986732422
791,Embedded Systems,5,2139371379
975,IT Governance,4,2110914723
554,Web Development Technologies,5,2533555125
1542,Location-Based Services,5,2889079547
360,Distributed Databases,4,2146183750
1428,Graph Algorithms,2,1847690346
146,Robotics,2,1579553668
1570,Location-Based Services,2,2997741554
1830,Software Quality Assurance,1,3004701248
867,Distributed Databases,3,2127707114
782,High-Performance Computing,1,2072072075
924,Ubiquitous Computing,1,1973389697
218,Robotics,3,2045758229
69,Human-Computer Interaction,2,2132920211
632,Semantic Web,2,2129714799
1027,Autonomous Systems,5,2887179446
554,Game Development,4,2000650798
1970,Visual Analytics,3,1965305253
1957,Visual Analytics,5,2004657296
711,Wireless Communications,2,2998869842
6,Natural Language Processing,4,1513310202
1973,Visual Analytics,3,1975411458
514,Computer Graphics,5,2050462717
1450,Information Security,5,2997429892
8,Natural Language Processing,4,2030458294
1350,Enterprise Resource Planning,1,2137990236
999,Advanced Algorithms,1,2004527331
601,Deep Learning,3,2102017903
257,Algorithm Design,1,2117728416
1149,Content Delivery Networks,2,2135343563
596,Neural Networks,1,2100128988
273,Big Data Analytics,2,2131715540
978,E-learning Technologies,3,2128992388
1910,Text Analytics,4,2997302881
1259,Discrete Mathematics,1,2117862969
1996,Web Services,3,2166309559
1839,Software Testing,5,2005150099
1972,Visual Analytics,3,2103159878
919,Ubiquitous Computing,1,1546305307
1480,Information Security,2,3002066283
467,Wireless Communications,4,2072040232
1946,Virtualization Technology,4,2963669097
1640,Object-Oriented Programming,5,2012408028
1729,Program Analysis,3,1549813142
308,Software Engineering,2,2166195201
728,Compiler Design,4,3004138331
1989,Web Services,5,1941670126
487,Compiler Design,2,1728860260
1053,Mobile Application Development,4,1966596890
2025,Workflow Management,4,3000174606
349,Database Systems,2,1573033214
1578,Location-Based Services,1,2059797076
1448,Health Informatics,1,2163227493
2010,Workflow Management,5,2007888575
759,High-Performance Computing,5,3002874478
1661,Object-Oriented Programming,2,2050645799
674,Operating Systems,2,2998902320
468,Distributed Systems,1,7289649
1700,Performance Engineering,2,2145445683
654,Computer Architecture,2,1975947346
1327,Web Services,2,2026711685
1329,Web Services,1,1556177080
684,Operating Systems,1,2031491316
2021,Workflow Management,4,1984192117
1605,Mobile Application Development,3,2885317468
1766,Scientific Computing,2,2078571717
256,Algorithm Design,2,2168370036
1158,Scientific Computing,5,2883754520
1268,Distributed Databases,5,2094711531
127,Cryptography,1,1859852026
1853,Software Testing,2,2345039647
74,Computer Vision,5,2114319712
1526,Knowledge Discovery,4,1992764659
798,Data Structures,3,2092276439
27,Information Retrieval,4,3000269187
1339,Enterprise Resource Planning,2,3005665239
387,Deep Learning,3,2892341857
167,Internet of Things,4,1619836230
590,Neural Networks,4,1588537248
883,Ubiquitous Computing,5,1994049046
1890,System Integration,5,2000338168
1609,Mobile Application Development,2,2063885226
99,Human-Computer Interaction,3,2164378405
1358,Evolutionary Computation,4,2037640344
381,Computational Biology,2,2123783513
349,Game Development,5,2975857707
1984,Visual Analytics,1,2998003015
391,Deep Learning,1,2963459284
532,Computer Graphics,3,2294798150
1780,Sensor Networks,5,2998609485
747,Cloud Data Management,1,2948513753
1127,Program Analysis,5,2972103753
807,Embedded Systems,3,2110007492
1930,User Interface Design,3,1991523306
654,Digital Forensics,3,2886221244
1296,Visual Analytics,4,2951966432
1897,System Integration,2,2918245750
400,Parallel Computing,5,2039417226
818,Embedded Systems,2,2112281596
1943,User Interface Design,1,3003337857
1770,Scientific Computing,2,2142188478
1111,Computational Finance,4,2064056735
1115,Computational Finance,2,2031388432
2035,Workflow Management,3,2159653605
1440,Health Informatics,3,2058669377
367,Game Development,1,2733395735
1817,Software Quality Assurance,5,2086560537
732,Compiler Design,3,1597122400
402,Parallel Computing,5,2155882878
737,Cloud Data Management,2,2559360880
1343,Enterprise Resource Planning,2,1966995810
87,Computer Vision,1,2088576945
30,Information Retrieval,4,3004899131
520,Computer Graphics,4,3003480192
577,Computational Biology,3,2061242030
794,Embedded Systems,4,2096016522
60,Data Mining,4,2152817912
704,Wireless Communications,3,2154319347
337,Database Systems,3,2136530502
786,High-Performance Computing,1,2018388996
859,Distributed Databases,4,1528490779
686,Operating Systems,1,1989326485
10,Natural Language Processing,2,2548006041
1384,Gesture Recognition,3,1599510591
875,Green Computing,5,2266632848
1134,Content Delivery Networks,4,2040022957
372,Database Systems,1,2026388869
1720,Program Analysis,4,1998915208
51,Artificial Intelligence,3,2997110388
591,Ubiquitous Computing,3,1534823749
124,Cryptography,1,2137602262
387,Network Security,2,2033082111
1169,Data Structures,4,2997592598
269,Big Data Analytics,4,2726150830
242,Algorithm Design,5,2140104028
1243,Database Management Systems,1,1964941055
59,Computer Vision,1,2963826402
1918,User Interface Design,5,1987488917
864,Web Development Technologies,2,2073747649
1187,Data Structures,2,1978840985
1979,Visual Analytics,2,2089815387
1316,Web Services,4,2097164499
732,Cloud Data Management,3,2795614974
383,Network Security,3,2746416264
575,Computational Biology,4,2761069644
261,Big Data Analytics,5,1973747955
710,Wireless Communications,2,2142985555
51,Computer Vision,3,2066941820
629,Grid Computing,3,2171872029
1537,Knowledge Discovery,2,2124986935
585,Computational Biology,1,1973664907
630,Grid Computing,3,125510936
665,Operating Systems,4,2127784167
1601,Mobile Application Development,4,2486107639
2024,Workflow Management,4,3003240989
1535,Knowledge Discovery,2,2157339323
1163,Artificial Intelligence Ethics,1,2584883659
284,Distributed Systems,4,2150853278
67,Data Mining,3,2080547938
921,Graph Algorithms,5,2029342163
107,Human-Computer Interaction,2,1851447855
733,Compiler Design,3,2099958604
1874,Supply Chain Management Systems,3,2164023950
1273,User Interface Design,1,2158422009
312,Software Engineering,1,2092382400
1852,Software Testing,2,2113182468
1879,Supply Chain Management Systems,2,2309883057
397,Network Security,1,2017420094
1904,Text Analytics,5,2051088039
1665,Object-Oriented Programming,2,3000501342
1504,IT Governance,4,3004341690
385,Neural Networks,3,1963882359
925,Grid Computing,5,2151167752
1307,Distributed Databases,2,2115120098
679,API Design,3,2250233356
829,Embedded Systems,1,1913695303
129,Blockchain Technology,4,2781869656
46,Information Retrieval,1,2010028841
145,Virtual Reality,1,2130351016
231,Bioinformatics,3,2998399065
1585,Machine Intelligence,4,1653934510
57,Machine Learning,1,3004001814
599,Deep Learning,5,2790979755
77,Computer Vision,3,2073823857
1915,Text Analytics,1,2555217187
126,Internet of Things,2,1972012147
674,API Design,5,2100809735
33,Artificial Intelligence,3,2624147939
1533,Knowledge Discovery,2,2077573113
207,Cybersecurity,4,2107808196
159,Augmented Reality,1,2010320418
979,E-learning Technologies,1,2019637113
867,E-learning Technologies,5,2095335522
154,Augmented Reality,3,2051076325
91,Human-Computer Interaction,5,1978738035
1709,Program Analysis,5,1988949749
603,Ubiquitous Computing,2,1598464535
827,Embedded Systems,1,2062359435
595,Neural Networks,1,1673923490
1104,Complex Systems,1,2146462985
1923,User Interface Design,4,1995141770
1066,Cloud Data Management,5,2766914983
754,Computational Finance,3,2108985768
188,Cloud Computing,1,2998129464
279,Big Data Analytics,1,2607703888
1436,Health Informatics,5,2148733257
491,Mobile Computing,4,2038377376
944,Graph Algorithms,2,2793058913
936,Grid Computing,4,2167223197
1463,Information Security,4,1602619638
2028,Workflow Management,4,2587995914
113,Quantum Computing,4,2294670621
1955,Virtualization Technology,1,2065933154
877,Green Computing,3,2103383431
806,Embedded Systems,3,2092473117
84,Cryptography,3,1984459117
2055,XML Technologies,4,2103443756
274,Parallel Computing,1,1664707389
118,Quantum Computing,1,2011585646
479,Mobile Computing,5,2096161842
84,Computer Vision,2,2102395981
636,Semantic Web,1,1560267311
2011,Workflow Management,5,189242244
83,Cryptography,5,2129719496
1334,Enterprise Resource Planning,3,3007841595
998,Advanced Algorithms,1,2004527331
1431,Graph Algorithms,1,2024197950
965,Information Security,3,2300663785
897,Evolutionary Computation,3,2090711451
778,Content Delivery Networks,3,2538062086
831,3D Printing,1,2135673422
485,Compiler Design,2,1974706373
1072,Cloud Data Management,4,2148199553
428,Distributed Systems,5,2508555779
266,Big Data Analytics,4,2118023920
628,Grid Computing,3,2048524706
299,Software Engineering,3,2162803481
1434,Health Informatics,5,2161842835
1990,Web Services,4,2071221957
137,Virtual Reality,3,2006073045
482,Mobile Computing,4,2139703775
741,Compiler Design,2,2149756939
280,Big Data Analytics,1,2592314679
1352,Workflow Management,1,2796326125
1697,Performance Engineering,5,1994257332
1364,XML Technologies,2,2154970411
110,Human-Computer Interaction,1,1985053113
2067,XML Technologies,1,2122319854
37,Information Retrieval,3,2065649161
639,Grid Computing,1,2143886692
549,E-commerce Technology,1,1980187009
891,Evolutionary Computation,5,1608057971
493,Mobile Computing,3,2997981583
1581,Location-Based Services,1,2998328690
1937,User Interface Design,1,1975816455
784,High-Performance Computing,1,1993660990
104,Virtual Reality,1,2905238358
1170,Scientific Computing,1,2981468349
0,Natural Language Processing,5,2169818249
502,Mobile Computing,2,1973717784
1192,Data Structures,2,2149242086
1200,Data Structures,1,1970945363
2052,XML Technologies,4,1983259043
96,Human-Computer Interaction,4,2017310186
1593,Mobile Application Development,5,1968867941
199,Software Engineering,2,1585742531
744,Compiler Design,2,1971625158
1711,Program Analysis,5,2093080079
538,Pattern Recognition,1,1514415280
1131,Content Delivery Networks,5,2045079727
1572,Location-Based Services,2,2999121924
840,E-commerce Technology,4,2108057694
1796,Sensor Networks,3,2016460936
2033,Workflow Management,3,1983862942
638,Grid Computing,1,1670717861
569,Game Development,1,2023965785
896,Ubiquitous Computing,3,2532847441
448,Distributed Systems,3,2091776255
424,Parallel Computing,1,2037346171
244,Database Management Systems,1,1520815598
396,Reinforcement Learning,2,1592847719
120,Cryptography,4,2294439931
1757,Scientific Computing,4,2103817093
1345,Workflow Management,3,1577724665
756,Compiler Design,1,2090385753
287,Distributed Systems,3,2153926311
900,Ubiquitous Computing,3,1992665345
1344,Enterprise Resource Planning,2,2113206143
69,Data Mining,3,1566934627
1410,Graph Algorithms,4,2082321848
930,Grid Computing,4,1982838154
911,Gesture Recognition,3,2736431578
199,Edge Computing,1,2972268941
1366,Evolutionary Computation,1,2019046182
252,Algorithm Design,3,1986732422
168,Internet of Things,4,2029758586
1179,Data Structures,3,1798077826
412,Parallel Computing,3,2146123953
1968,Visual Analytics,4,2021648931
471,Wireless Communications,1,2022347495
1241,Database Management Systems,1,2008633193
1141,Program Analysis,3,1591856965
619,Grid Computing,4,1904815815
1378,Gesture Recognition,3,2125834953
1369,Gesture Recognition,5,2073140603
756,Computational Finance,3,2002243597
120,Internet of Things,4,1570011815
12,Natural Language Processing,2,2000577984
494,Mobile Computing,3,2100359002
1982,Visual Analytics,1,2166763164
776,High-Performance Computing,2,2760780548
286,Software Engineering,4,2163851162
961,Digital Forensics,3,2012713286
1741,Program Analysis,1,2119632499
429,Distributed Systems,5,3002114131
306,Mobile Computing,4,1963513516
1147,Program Analysis,2,2883500998
1704,Program Analysis,5,3004389622
988,Advanced Algorithms,3,2046332585
1004,API Design,5,1728842521
820,Embedded Systems,1,2166893828
2059,XML Technologies,3,1968281130
507,Mobile Computing,1,2023441626
1884,Supply Chain Management Systems,1,2075207922
114,Augmented Reality,2,123258387
1328,Enterprise Resource Planning,4,2999419887
1267,Discrete Mathematics,1,1998152720
1040,Autonomous Systems,1,2117376801
552,Game Development,4,2000010706
1861,Software Testing,1,2128204165
808,Embedded Systems,3,2118551527
44,Information Retrieval,1,2136583886
946,Grid Computing,1,3004284496
800,Embedded Systems,3,2161219194
593,Neural Networks,2,1966639131
1302,Distributed Databases,2,2117654209
1444,Health Informatics,2,2084553561
765,High-Performance Computing,4,2111490460
267,Parallel Computing,3,2102061396
418,Web Services,2,2157501505
398,Reinforcement Learning,2,2546571074
1478,Information Security,2,2044839138
1244,Database Management Systems,1,2053179316
1116,Computer Aided Engineering,5,2168758657
411,Parallel Computing,3,2170996473
734,Compiler Design,3,2127282737
1540,Knowledge Discovery,1,2055433197
645,Computational Chemistry,4,2053014304
395,Network Security,1,2999601311
1049,Business Intelligence,5,2996907250
853,Web Development Technologies,4,1979817550
804,Embedded Systems,3,2102481384
1458,Information Security,4,2081526168
1120,Computer Aided Engineering,3,2101237413
1052,Business Intelligence,4,2094239909
517,Computer Graphics,5,1507566112
722,Compiler Design,4,2997711065
1043,Machine Intelligence,1,1896925553
2060,XML Technologies,3,2169465962
992,Knowledge Discovery,4,25086975
1503,IT Governance,4,1973180096
1655,Object-Oriented Programming,3,2129281948
217,Database Systems,4,2037394610
642,Computational Chemistry,5,2291907459
1671,Object-Oriented Programming,2,2021686672
1433,Graph Algorithms,1,2157485453
1360,Evolutionary Computation,3,2012451526
617,Grid Computing,4,2025577327
1534,Knowledge Discovery,2,3000342270
1576,Location-Based Services,1,2107179184
1677,Object-Oriented Programming,1,2067440805
598,Ubiquitous Computing,2,1519374900
1354,Evolutionary Computation,5,2912222576
1829,Software Quality Assurance,1,2157056082
1356,Evolutionary Computation,4,2045846579
1227,Supply Chain Management Systems,5,1548151532
974,IT Governance,4,2079831140
1340,Enterprise Resource Planning,2,2003861643
964,Digital Forensics,2,2912047161
90,Human-Computer Interaction,5,2126520272
1271,Distributed Databases,5,2098958037
888,Ubiquitous Computing,4,2150388519
1997,Web Services,3,2075106684
180,Big Data Analytics,3,2018681530
739,Compiler Design,2,2057651724
652,Digital Forensics,4,138782056
1253,Text Analytics,1,2809385028
62,Data Mining,4,2127282486
155,Augmented Reality,2,2024585795
1239,Database Management Systems,1,2093189534
1013,API Design,2,1998125620
1008,API Design,4,2395092677
897,Ubiquitous Computing,3,1595052838
1541,Knowledge Discovery,1,2054194360
1499,IT Governance,4,2273143200
1646,Object-Oriented Programming,4,1504300023
1316,Distributed Databases,1,2165489676
555,Game Development,4,3005132447
1315,Web Services,4,1488556964
385,Network Security,3,2135870733
426,Parallel Computing,1,2091913208
1109,Computational Finance,4,2065409092
99,Virtual Reality,2,2789736998
1491,Information Security,1,2049214960
973,E-learning Technologies,5,2294970760
903,Ubiquitous Computing,3,2167146080
1243,Text Analytics,4,2291242049
522,Computer Graphics,4,2997972446
1811,Sensor Networks,1,3000196944
566,Web Development Technologies,1,1535046211
987,IT Governance,2,2085424253
537,Pattern Recognition,1,1919767399
425,Semantic Web,1,152377028
719,Compiler Design,5,2051632385
195,Edge Computing,2,2775394714
1586,Machine Intelligence,4,2098856147
1248,Digital Image Processing,2,2167706997
42,Information Retrieval,2,2067802667
1676,Object-Oriented Programming,1,2067742152
1124,Program Analysis,5,2047226031
781,High-Performance Computing,2,1979330015
104,Human-Computer Interaction,2,2028975938
189,Edge Computing,5,2915771847
1306,Distributed Databases,2,2013249278
954,Digital Forensics,5,2504674492
489,Mobile Computing,4,2038122051
587,Ubiquitous Computing,4,2125421778
903,Gesture Recognition,5,1595932190
1242,Text Analytics,5,1613509896
1184,Data Structures,2,2040066104
1971,Visual Analytics,3,2134757269
1254,Discrete Mathematics,2,2087517248
1429,Graph Algorithms,1,2071759604
245,Algorithm Design,4,1496062094
1455,Information Security,5,2024957958
561,Game Development,3,2510671585
1808,Sensor Networks,1,2117176859
550,Game Development,5,3006614568
1299,Visual Analytics,4,2625478334
2001,Web Services,2,2035750649
1495,Information Security,1,1997761579
1633,Network Management,2,2607097720
1799,Sensor Networks,2,2033813804
376,Database Systems,1,2037214271
836,Database Management Systems,3,2548613432
1288,Distributed Databases,3,2996945845
31,Information Retrieval,3,2136729221
1660,Object-Oriented Programming,2,1533004102
1321,Enterprise Resource Planning,5,1545394216
889,Enterprise Resource Planning,1,1997893140
865,Web Development Technologies,2,2095335522
1026,Autonomous Systems,5,2130725804
1525,Knowledge Discovery,4,1549661918
192,Edge Computing,3,2885657717
857,Distributed Databases,4,2013409485
1804,Sensor Networks,2,2147035977
1298,Distributed Databases,2,2083875802
1664,Object-Oriented Programming,2,2115460680
1357,Evolutionary Computation,4,1522440472
1380,Gesture Recognition,3,2134917076
992,Advanced Algorithms,2,2171126197
542,Computer Graphics,1,2008710914
1035,Autonomous Systems,2,2987375645
1188,Data Structures,2,1974514467
1117,Computer Aided Engineering,5,2005419580
647,Computer Architecture,3,2002554499
819,Embedded Systems,1,1581621229
724,Compiler Design,4,2100368493
2012,Workflow Management,5,2156879624
265,Big Data Analytics,5,2948646149
801,Embedded Systems,3,2157048870
1355,Workflow Management,1,2117304302
1286,Distributed Databases,4,2030689196
1255,Discrete Mathematics,2,3003190819
731,Cloud Data Management,3,2772466107
1311,Distributed Databases,1,2003581449
1151,Content Delivery Networks,1,2030185542
1148,Content Delivery Networks,2,2048205386
1266,Discrete Mathematics,1,2016023497
1604,Mobile Application Development,3,2052257316
365,Game Development,1,2052804452
963,Digital Forensics,3,1965613142
166,Internet of Things,5,2048091247
1279,Virtualization Technology,2,2804268566
928,Grid Computing,5,2150363777
785,High-Performance Computing,1,1598377208
1091,Object-Oriented Programming,3,1535103785
296,Software Engineering,3,2037316754
85,Computer Vision,2,2922008219
437,Distributed Systems,4,2009428216
492,Compiler Design,1,2783614532
1002,Knowledge Discovery,3,1977482345
438,Distributed Systems,4,1965725464
1472,Information Security,3,2024488177
399,Reinforcement Learning,1,2580909119
2054,XML Technologies,4,2130619496
655,Computer Architecture,1,1984803709
1400,Gesture Recognition,1,3003499069
1965,Visual Analytics,4,2119477629
951,Computational Chemistry,4,2150345533
1670,Object-Oriented Programming,2,1964016480
40,Information Retrieval,2,2119885359
452,Operating Systems,4,2104413677
532,Embedded Systems,1,1603617612
1060,Business Intelligence,2,3007886070
1694,Online Learning Environments,1,2999995748
1220,Database Management Systems,4,2113970290
2041,Workflow Management,2,2125238230
743,Compiler Design,2,2998034258
797,Embedded Systems,4,2098592421
456,Distributed Systems,2,2123786759
1630,Network Management,2,1788348632
1775,Search Engine Optimization,5,1986991110
899,Ubiquitous Computing,3,2087454547
678,Operating Systems,2,2100638929
134,Virtual Reality,4,2121355015
461,Distributed Systems,2,1992178984
1749,Quantitative Analysis,1,1994789348
1277,Virtualization Technology,4,2114523743
103,Human-Computer Interaction,2,1968198100
397,Reinforcement Learning,2,2049287437
822,Embedded Systems,1,2997909427
1754,Risk Management Systems,2,2143472739
14,Natural Language Processing,2,1519936037
316,Software Engineering,1,2997001793
1152,Content Delivery Networks,1,1980845736
1291,Distributed Databases,3,3005431301
1551,Location-Based Services,4,2125184115
1005,Knowledge Discovery,2,1566263886
1238,System Integration,1,2149998541
1343,Workflow Management,4,2036838283
1691,Online Learning Environments,2,2166730218
571,Green Computing,2,2529248691
1815,Software Quality Assurance,5,2116247135
929,Grid Computing,4,2128530065
974,E-learning Technologies,4,1966634266
547,Game Development,5,2552507948
1921,User Interface Design,4,2169245862
371,Database Systems,1,3004607020
567,Game Development,1,3007212754
1453,Information Security,5,2037104605
1099,Complex Systems,4,2099529102
1024,Location-Based Services,3,2069388449
1920,User Interface Design,5,2075516808
1925,User Interface Design,4,2023192402
378,Computational Biology,2,172445582
394,Network Security,1,2130430857
1108,Online Learning Environments,3,2090570347
1417,Graph Algorithms,4,2592488592
1759,Scientific Computing,4,2163612185
605,Computational Chemistry,5,2582187633
1331,Enterprise Resource Planning,4,2077187160
1058,Mobile Application Development,2,2056165903
1039,Autonomous Systems,2,1940675549
1911,Text Analytics,4,2769984510
1092,Cloud Data Management,1,1485380506
1183,Data Structures,2,2020965855
741,Cloud Data Management,2,1982974296
1079,Cloud Data Management,4,2115234490
1807,Sensor Networks,2,2128037380
176,Internet of Things,1,2087310019
639,Computer Architecture,5,2075775922
1582,Location-Based Services,1,2159777963
771,High-Performance Computing,3,2165831368
1314,Distributed Databases,1,2007547395
975,E-learning Technologies,4,1963893950
538,Computer Graphics,2,2091244316
614,Reinforcement Learning,3,2167425257
1240,Database Management Systems,1,2155063687
1217,Database Management Systems,4,2169379483
563,Game Development,2,2065233705
699,Wireless Communications,5,2122042834
586,Ubiquitous Computing,4,1948677622
1792,Sensor Networks,3,2997148786
1096,Cloud Data Management,1,2133174463
40,Data Mining,4,1570697393
1249,Digital Image Processing,2,2768102683
1012,Location-Based Services,5,1978495872
136,Virtual Reality,3,1639831907
809,Embedded Systems,2,2051610878
941,Graph Algorithms,2,1777838598
137,Cybersecurity,5,2907351452
1171,Data Structures,4,2116908067
1953,Virtualization Technology,1,3000253839
905,Ubiquitous Computing,3,1558430934
139,Virtual Reality,3,2164678318
723,Compiler Design,4,2132722919
874,Distributed Databases,1,2035933658
763,Computer Aided Engineering,2,1514970392
1260,User Interface Design,4,2794079986
701,Wireless Communications,3,2107080958
408,Parallel Computing,4,2155518645
300,Software Engineering,3,2044953699
50,Artificial Intelligence,3,2009677406
1074,Cloud Data Management,4,3127276
955,Digital Forensics,5,2054018023
843,E-commerce Technology,2,2015360984
1323,Enterprise Resource Planning,5,2036636632
1225,Database Management Systems,3,2142086901
7,Natural Language Processing,4,2997528020
1719,Program Analysis,4,2012313588
1167,Data Structures,4,2996867764
914,Ubiquitous Computing,1,22482183
749,Compiler Design,2,2998045821
1848,Software Testing,3,1488690968
1247,Digital Image Processing,3,2167706997
633,Semantic Web,2,2113214500
54,Machine Learning,3,2478307678
931,Grid Computing,4,2158498587
166,Algorithm Design,2,1990173890
1967,Visual Analytics,4,2587299461
908,Ubiquitous Computing,2,2161969471
1212,Database Management Systems,4,2153329411
1265,Discrete Mathematics,1,2027792620
2057,XML Technologies,3,2086742729
1053,Business Intelligence,3,2012854544
442,Distributed Systems,4,1970705443
22,Natural Language Processing,1,2158505321
752,Compiler Design,1,2013134362
39,Information Retrieval,2,1845198550
1063,Mobile Application Development,1,173431760
576,Computational Biology,3,1999591020
1000,Advanced Algorithms,1,2099087967
1985,Web Services,5,2146013510
2039,Workflow Management,2,2111572781
591,Neural Networks,3,171445340
1838,Software Testing,5,2055447156
1255,User Interface Design,5,1491094752
276,Big Data Analytics,2,2304640842
854,Web Development Technologies,4,2089722388
1518,Knowledge Discovery,4,2122354896
177,Internet of Things,1,2037395587
1814,Software Quality Assurance,5,2063804173
687,Operating Systems,1,2143694779
1149,Program Analysis,2,2164726441
1451,Information Security,5,2002356434
626,Semantic Web,2,1491778683
1895,System Integration,3,2074674774
1959,Visual Analytics,5,2085864217
366,Game Development,1,1816760364
147,Augmented Reality,5,2028936041
1333,Workflow Management,5,2139630871
231,Database Systems,2,2154566471
1063,Business Intelligence,2,3007063095
215,Robotics,5,2142689408
1238,Distributed Databases,5,12586210
1075,Cloud Data Management,4,2137435551
767,High-Performance Computing,4,2089759326
668,Operating Systems,4,1979579813
204,Cybersecurity,4,2296181180
336,Database Systems,3,1556530724
1145,Content Delivery Networks,2,2082018017
1044,Machine Intelligence,1,2889270964
1156,Risk Management Systems,2,2150546866
1155,Content Delivery Networks,1,2101051887
675,API Design,4,2346649356
1347,Enterprise Resource Planning,1,2051229880
19,Natural Language Processing,2,1985421360
1342,Workflow Management,4,1983833794
600,Deep Learning,4,2004882387
725,Compiler Design,4,1969650695
788,Data Structures,5,2050576295
882,Enterprise Resource Planning,5,2146740775
1618,Network Management,4,2216728905
1041,Autonomous Systems,1,2578761269
868,E-learning Technologies,5,2999649893
254,Algorithm Design,2,1908804015
386,Deep Learning,4,2908055926
1942,User Interface Design,1,1986058343
1313,Web Services,4,2099290966
401,Semantic Web,5,1995521835
1822,Software Quality Assurance,3,2006425068
1130,Content Delivery Networks,5,2588220790
516,Computer Graphics,5,2137297153
1036,Autonomous Systems,2,2899116309
1331,Workflow Management,5,2015234709
705,Wireless Communications,3,2135019170
971,IT Governance,5,2019667078
1322,Enterprise Resource Planning,5,2118467648
1257,Discrete Mathematics,1,2045097502
1524,Knowledge Discovery,4,3004891819
993,Knowledge Discovery,4,2125227861
1641,Object-Oriented Programming,5,2997415251
1245,Text Analytics,4,2983594740
1404,Graph Algorithms,5,358088974
1139,Program Analysis,3,2103820503
1727,Program Analysis,4,2169589594
183,Cloud Computing,5,2131646073
1836,Software Quality Assurance,1,1827739142
1038,Autonomous Systems,2,2102290297
1237,System Integration,3,1967190700
956,Digital Forensics,5,2998078092
2,Natural Language Processing,4,1658342862
2032,Workflow Management,3,2081587383
662,E-learning Technologies,2,2109110013
114,Quantum Computing,3,2136744126
1060,Mobile Application Development,2,1580659323
284,Software Engineering,5,2082303393
119,Quantum Computing,1,2906133437
1556,Location-Based Services,3,2035311901
1554,Location-Based Services,4,1526112345
1772,Scientific Computing,1,2170901118
646,Computer Architecture,3,3000387718
689,Operating Systems,1,2022758041
1826,Software Quality Assurance,2,2018366044
433,Computer Architecture,4,2160175950
659,Digital Forensics,1,2148097183
447,Distributed Systems,3,2096870603
1253,Discrete Mathematics,2,2012840026
783,Artificial Intelligence Ethics,5,2757072513
1810,Sensor Networks,1,2111742919
357,Game Development,3,2080395944
1094,Object-Oriented Programming,2,2014078287
497,Mobile Computing,3,2041318031
1432,Graph Algorithms,1,2016289973
343,Computer Graphics,1,1897905128
959,Digital Forensics,3,2125767749
1239,Text Analytics,5,40563694
685,Operating Systems,1,3003271765
952,Health Informatics,5,2560692704
1927,User Interface Design,3,1991658485
293,Software Engineering,4,2146773231
1758,Scientific Computing,4,2150610576
1549,Location-Based Services,5,1866598436
658,Digital Forensics,1,1229193984
125,Internet of Things,2,1519565400
1945,Virtualization Technology,5,2555751285
706,Wireless Communications,3,2143447102
1065,Mobile Application Development,1,1577616794
102,Virtual Reality,1,1972598978
539,Computer Graphics,2,2076471588
1987,Web Services,5,2171500111
1868,Supply Chain Management Systems,5,1965110522
169,Internet of Things,3,2402775047
1653,Object-Oriented Programming,3,2170108788
173,Big Data Analytics,5,132173676
1476,Information Security,3,1964165805
1267,User Interface Design,2,2017943992
726,Compiler Design,4,2126605567
1936,User Interface Design,1,2031870952
211,Cybersecurity,3,2101412221
1246,Digital Image Processing,3,1980422153
670,Operating Systems,3,2109488945
647,Computational Chemistry,2,2033952216
38,Machine Learning,1,1529355025
223,Reinforcement Learning,5,1977655452
326,Database Systems,4,3000732711
836,Pattern Recognition,1,2101040242
443,Distributed Systems,4,2997644899
142,Performance Engineering,5,2148099808
229,Bioinformatics,3,2021210077
912,Ubiquitous Computing,2,2042970598
898,Evolutionary Computation,3,2143628939
1550,Location-Based Services,5,2044110164
1867,Supply Chain Management Systems,5,2762451295
1825,Software Quality Assurance,2,1996410435
1840,Software Testing,4,2005403724
1295,Visual Analytics,4,2602814102
1252,Discrete Mathematics,3,1568808378
1789,Sensor Networks,3,2127949150
1896,System Integration,2,2004891041
932,Grid Computing,4,2105331421
1712,Program Analysis,5,2514084604
815,Data Structures,1,2002576214
707,Wireless Communications,2,2132818688
1,Natural Language Processing,5,1542598926
596,Ubiquitous Computing,2,2097842516
766,High-Performance Computing,4,2050243183
1760,Scientific Computing,3,1967675616
1395,Gesture Recognition,2,3005715765
1114,Performance Engineering,5,2010636948
1634,Network Management,2,1969593871
1998,Web Services,3,2998790953
1235,Database Management Systems,2,1967538043
1196,Software Quality Assurance,2,2555441480
1755,Risk Management Systems,2,3007644351
205,Software Engineering,1,2153137733
730,Compiler Design,4,2098884586
751,Compiler Design,1,1989518537
1361,Evolutionary Computation,3,2011174137
352,Database Systems,2,2998356684
715,Wireless Communications,1,2542429611
1543,Location-Based Services,5,2142117272
1591,Mobile Application Development,5,2167293777
777,High-Performance Computing,2,2092633783
1386,Gesture Recognition,3,2051234496
1906,Text Analytics,4,2062052951
1054,Business Intelligence,3,2114320353
1411,Graph Algorithms,4,2074556793
1507,IT Governance,3,1973908698
1517,Knowledge Discovery,5,2101103738
751,Complex Systems,2,2158316863
1608,Mobile Application Development,2,1917088284
318,Mobile Computing,2,220861558
1644,Object-Oriented Programming,5,2041679431
1791,Sensor Networks,3,2170239483
1459,Information Security,4,2996885508
1248,Text Analytics,3,2891870102
1281,Virtualization Technology,1,2149475186
1767,Scientific Computing,2,2054652902
1136,Content Delivery Networks,4,1987909262
866,Web Development Technologies,2,2999649893
1721,Program Analysis,4,2158047578
1963,Visual Analytics,4,3002947373
1855,Software Testing,2,2032401275
1283,Distributed Databases,4,2997323992
1144,Content Delivery Networks,2,2740796766
594,Neural Networks,1,2118553088
1806,Sensor Networks,2,2137486085
1173,Search Engine Optimization,4,2511831311
1894,System Integration,3,2012049660
14,Information Retrieval,3,2039798050
111,Quantum Computing,5,2047131277
1105,Complex Systems,1,2003756933
618,Semantic Web,5,2132573925
941,Grid Computing,2,2128391206
1596,Mobile Application Development,4,1998821658
2029,Workflow Management,4,2131676541
1123,Computer Aided Engineering,2,2059367137
233,Bioinformatics,2,2096540950
433,Distributed Systems,5,2085410041
949,Grid Computing,1,1996685426
439,Distributed Systems,4,3005494496
1160,Scientific Computing,4,2130062566
1113,Computational Finance,3,1979630192
1597,Mobile Application Development,4,1794179200
1042,Autonomous Systems,1,2578761269
1693,Online Learning Environments,1,2111070742
2046,Workflow Management,1,2011893902
559,Web Development Technologies,2,2020602335
876,Green Computing,4,565292247
1888,System Dynamics,1,1539477377
553,Game Development,4,1975911483
849,Web Development Technologies,5,3000714879
2008,Web Services,1,2167928477
227,Bioinformatics,4,1975975525
636,Grid Computing,1,60075760
406,Semantic Web,4,2133959199
846,Database Management Systems,1,2138356326
1938,User Interface Design,1,2000758639
418,Parallel Computing,2,2147586798
991,Knowledge Discovery,5,1761022139
462,System Integration,5,1992178984
1828,Software Quality Assurance,1,2110967855
432,Distributed Systems,5,2098035530
1636,Network Management,1,2157388764
1261,Discrete Mathematics,1,1995228121
1607,Mobile Application Development,2,1971071769
290,Distributed Systems,2,2067580212
1251,Discrete Mathematics,3,2155433233
1474,Information Security,3,2181301463
71,Data Mining,2,2149991234
363,Game Development,2,2088583180
1280,Distributed Databases,5,2997992006
543,Computer Graphics,1,2014893164
419,Parallel Computing,2,2008806816
749,Complex Systems,3,2103604870
832,Pattern Recognition,4,1520188839
801,Data Structures,3,2085933841
862,Web Development Technologies,3,2042486711
1166,Data Structures,4,2103913570
957,Digital Forensics,5,2119668875
375,Database Systems,1,125925666
1004,Knowledge Discovery,2,2001615232
1101,Complex Systems,3,1898449201
1379,Gesture Recognition,3,2151889438
500,Mobile Computing,2,1970762689
889,Ubiquitous Computing,4,2164730733
950,Graph Algorithms,1,1583621404
1078,Cloud Data Management,4,2113655077
165,Algorithm Design,2,1993504147
228,Bioinformatics,4,2021210077
184,Cloud Computing,3,1970777180
1702,Performance Engineering,1,3004741385
770,High-Performance Computing,3,2150697658
1612,Mobile Application Development,1,2582705253
1228,Database Management Systems,3,3005086224
1106,Complex Systems,1,2011217931
1708,Program Analysis,5,1983520997
93,Blockchain Technology,3,2743557879
779,Content Delivery Networks,2,2069200608
38,Information Retrieval,2,2075893676
845,E-commerce Technology,2,2067775595
1590,Mobile Application Development,5,2037272049
1497,IT Governance,5,1992568658
545,E-commerce Technology,2,2974516095
1468,Information Security,4,2998349762
324,Mobile Computing,1,2006803879
272,Big Data Analytics,3,2583397869
362,Game Development,2,2586996617
1050,Mobile Application Development,5,2750787519
662,Operating Systems,5,2053741629
1234,System Integration,4,2157251480
1401,Graph Algorithms,5,107790154
700,Business Intelligence,5,1977577597
374,Computational Biology,4,2033837064
713,Wireless Communications,1,2157326466
1643,Object-Oriented Programming,5,1739798036
1371,Gesture Recognition,5,2048453690
2050,XML Technologies,5,2031365811
617,Reinforcement Learning,1,2103285838
214,Robotics,5,2131444840
1949,Virtualization Technology,3,2030397135
1058,Business Intelligence,2,2005151080
340,Computer Graphics,2,2104587129
1172,Data Structures,4,2142947709
521,Computer Graphics,4,2093977209
816,Embedded Systems,2,1974386611
910,Gesture Recognition,3,2128286222
24,Information Retrieval,5,2110933113
506,Computer Architecture,2,2104237724
1284,Distributed Databases,4,2050035506
972,IT Governance,5,2021847220
1037,Autonomous Systems,2,2739957299
1317,Enterprise Resource Planning,5,1536465007
1230,Supply Chain Management Systems,1,2164251034
1629,Network Management,2,2100035808
1123,Program Analysis,5,1494768888
839,E-commerce Technology,4,2061835791
1813,Sensor Networks,1,2080588485
150,Augmented Reality,5,1584463566
541,E-commerce Technology,4,1816040718
1594,Mobile Application Development,5,2996854669
366,Database Systems,1,2093583339
1342,Enterprise Resource Planning,2,2087862203
513,Mobile Computing,1,2153906599
618,Workflow Management,4,2025577327
1762,Scientific Computing,3,1598149995
1186,Data Structures,2,2152686702
1229,Database Management Systems,3,1978505459
1398,Gesture Recognition,1,2397514536
938,Grid Computing,3,2073897805
